restaurant.R.res_id,restaurant.name,restaurant.cuisines,restaurant.average_cost_for_two,restaurant.location.locality,restaurant.location.city,restaurant.location.address,restaurant.location.latitude,restaurant.location.longitude,restaurant.user_rating.aggregate_rating,restaurant.user_rating.rating_text,restaurant.menu_url
18369252,Pakwan Chennai,"North Indian, Chinese, Italian",1200,T. Nagar,Chennai,"10, Kuppuswamy Street, G N Chetty Road, T. Nagar, Chennai",13.0448925413,80.2388365567,4.2,Very Good,https://www.zomato.com/chennai/pakwan-chennai-t-nagar/menu?utm_source=api_basic_user&utm_medium=api&utm_campaign=v2.1&openSwipeBox=menu&showMinimal=1#tabtop
66412,Mathsya,"South Indian, North Indian, Chinese, Beverages",900,Egmore,Chennai,"1, Halls Road, Egmore, Chennai",13.0750106485,80.2578178793,4.1,Very Good,https://www.zomato.com/chennai/mathsya-egmore/menu?utm_source=api_basic_user&utm_medium=api&utm_campaign=v2.1&openSwipeBox=menu&showMinimal=1#tabtop
68908,Welcome Hotel,South Indian,250,Purasavakkam,Chennai,"112/241, Purasawalkam High Road, Purasavakkam, Chennai.",13.0858690010,80.2546206862,4.5,Excellent,https://www.zomato.com/chennai/welcome-hotel-purasavakkam/menu?utm_source=api_basic_user&utm_medium=api&utm_campaign=v2.1&openSwipeBox=menu&showMinimal=1#tabtop
18752364,Kappa Chakka Kandhari,Kerala,600,Nungambakkam,Chennai,"10, Haddows Road, Opposite to Shastri Bhavan, Nungambakkam, Chennai",13.0636648595,80.2478994057,4.6,Excellent,https://www.zomato.com/chennai/kappa-chakka-kandhari-1-nungambakkam/menu?utm_source=api_basic_user&utm_medium=api&utm_campaign=v2.1&openSwipeBox=menu&showMinimal=1#tabtop
71664,Dakshin - Crowne Plaza Chennai Adyar Park,"South Indian, Kerala, Andhra",2500,"Crowne Plaza Chennai Adyar Park, Alwarpet",Chennai,"Crowne Plaza Chennai Adyar Park, TTK Road, Austin Nagar, Alwarpet, Chennai",13.0293689302,80.2492173761,4.8,Excellent,https://www.zomato.com/chennai/dakshin-crowne-plaza-chennai-adyar-park-alwarpet/menu?utm_source=api_basic_user&utm_medium=api&utm_campaign=v2.1&openSwipeBox=menu&showMinimal=1#tabtop
66419,Wild Garden Cafe - Amethyst,"Cafe, Italian, Continental",1400,Royapettah,Chennai,"Whites Road, Royapettah, Chennai ",13.0572242429,80.2592049167,4.4,Very Good,https://www.zomato.com/chennai/wild-garden-cafe-amethyst-royapettah/menu?utm_source=api_basic_user&utm_medium=api&utm_campaign=v2.1&openSwipeBox=menu&showMinimal=1#tabtop
18361802,Abid's,"Seafood, Biryani, Hyderabadi, Arabian",800,Chetpet,Chennai,"21, Spurtank Road, Chetpet, Chennai",13.0713675771,80.2503817901,4.2,Very Good,https://www.zomato.com/chennai/abids-chetpet/menu?utm_source=api_basic_user&utm_medium=api&utm_campaign=v2.1&openSwipeBox=menu&showMinimal=1#tabtop
69116,Bombay Lassi,Street Food,100,Triplicane,Chennai,"8, Bahar Agan Street, Anna Salai, Ellis Road, Behind Devi Theatre, Triplicane, Chennai",13.0660121155,80.2711239830,4.8,Excellent,https://www.zomato.com/chennai/bombay-lassi-1-triplicane/menu?utm_source=api_basic_user&utm_medium=api&utm_campaign=v2.1&openSwipeBox=menu&showMinimal=1#tabtop
66330,Kakada Ramprasad,"Mithai, Street Food",450,Sowcarpet,Chennai,"348/343, Ground Floor, Mint Street, Sowcarpet, Chennai",13.0902453216,80.2789885551,4.4,Very Good,https://www.zomato.com/chennai/kakada-ramprasad-sowcarpet/menu?utm_source=api_basic_user&utm_medium=api&utm_campaign=v2.1&openSwipeBox=menu&showMinimal=1#tabtop
18423043,Dhaba Estd 1986 Delhi,North Indian,1500,"Ispahani Centre, Nungambakkam",Chennai,"Bearing Door 123 - 124, Ishpahani Centre, Nungambakkam High Road, Nungambakkam, Chennai",13.0550519667,80.2497062087,4.6,Excellent,https://www.zomato.com/chennai/dhaba-estd-1986-delhi-nungambakkam/menu?utm_source=api_basic_user&utm_medium=api&utm_campaign=v2.1&openSwipeBox=menu&showMinimal=1#tabtop
18437170,Nasi And Mee,"Singaporean, Malaysian, Chinese, Asian, Thai, Momos",1200,Nungambakkam,Chennai,"Kedar khan road, nungambakkam, chennai",13.0607639900,80.2497139201,4.6,Excellent,https://www.zomato.com/chennai/nasi-and-mee-nungambakkam/menu?utm_source=api_basic_user&utm_medium=api&utm_campaign=v2.1&openSwipeBox=menu&showMinimal=1#tabtop
67408,Board Walk - Ramada,"North Indian, Continental, Cafe",1650,"Ramada, Egmore",Chennai,"2A Poniamman koil street, Egmore, Chennai-600008",13.0765998012,80.2647818998,4.2,Very Good,https://www.zomato.com/chennai/board-walk-ramada-egmore/menu?utm_source=api_basic_user&utm_medium=api&utm_campaign=v2.1&openSwipeBox=menu&showMinimal=1#tabtop
70890,Fusilli Reasons,Italian,400,Kilpauk,Chennai,"2/64, Ormes Main Road, Kilpauk, Chennai",13.0814406771,80.2488975227,4.6,Excelente,https://www.zomato.com/chennai/fusilli-reasons-kilpauk/menu?utm_source=api_basic_user&utm_medium=api&utm_campaign=v2.1&openSwipeBox=menu&showMinimal=1#tabtop
66334,Novelty Tea House,"North Indian, South Indian, Street Food, Continental, Fast Food",800,Sowcarpet,Chennai,"175, Mint Street, Sowcarpet, Chennai",13.0891206333,80.2788162231,4.1,Very Good,https://www.zomato.com/chennai/novelty-tea-house-sowcarpet/menu?utm_source=api_basic_user&utm_medium=api&utm_campaign=v2.1&openSwipeBox=menu&showMinimal=1#tabtop
69635,Links,"Fast Food, Street Food",250,Purasavakkam,Chennai,"22, Raja Annamalai Road, Purasavakkam, Chennai",13.0792415080,80.2545164153,4.3,Very Good,https://www.zomato.com/chennai/links-purasavakkam/menu?utm_source=api_basic_user&utm_medium=api&utm_campaign=v2.1&openSwipeBox=menu&showMinimal=1#tabtop
66005,Quintessence - Hotel Raj Park Chennai,"North Indian, Continental",1200,"Hotel Rajpark, Alwarpet",Chennai,"Hotel Raj Park #180, TTK Road, Alwarpet, Chennai",13.0441818068,80.2593591437,4.1,Very Good,https://www.zomato.com/chennai/quintessence-hotel-raj-park-chennai-alwarpet/menu?utm_source=api_basic_user&utm_medium=api&utm_campaign=v2.1&openSwipeBox=menu&showMinimal=1#tabtop
65530,Shree Mithai,"Mithai, Street Food, Fast Food",300,Chetpet,Chennai,"18, Dr TV Road, Chetpet, Chennai",13.0721347331,80.2477424964,4.6,Excellent,https://www.zomato.com/chennai/shree-mithai-chetpet/menu?utm_source=api_basic_user&utm_medium=api&utm_campaign=v2.1&openSwipeBox=menu&showMinimal=1#tabtop
67329,Buhari,"North Indian, Chinese",600,Triplicane,Chennai,"83, Anna Salai, Mount Road, Triplicane, Chennai",13.0662048070,80.2684823424,3.8,Good,https://www.zomato.com/chennai/buhari-triplicane/menu?utm_source=api_basic_user&utm_medium=api&utm_campaign=v2.1&openSwipeBox=menu&showMinimal=1#tabtop
66312,National Durbar Restaurant,"North Indian, Chinese",350,Park Town,Chennai,"3, Raja Muthiah Road, Opposite Corporation, Near Central Railway Station, Park Town, Chennai",13.0808750477,80.2708701789,4.1,Very Good,https://www.zomato.com/chennai/national-durbar-restaurant-park-town/menu?utm_source=api_basic_user&utm_medium=api&utm_campaign=v2.1&openSwipeBox=menu&showMinimal=1#tabtop
18648090,Madras2Chennai,"Biryani, Mughlai, North Indian, Chinese, Chettinad, Lebanese",600,Washermenpet,Chennai,"183/4 (601), T.H Road, Opposite Apollo Hospital, Tondiarpet, Washermenpet, Chennai",13.1289822132,80.2910202742,3.7,Good,https://www.zomato.com/chennai/madras2chennai-washermenpet/menu?utm_source=api_basic_user&utm_medium=api&utm_campaign=v2.1&openSwipeBox=menu&showMinimal=1#tabtop
67196,The Marina,"Seafood, North Indian, Chinese",1600,Nungambakkam,Chennai,"39, College Road, Nungambakkam, Chennai",13.0671104551,80.2521336079,4.5,Excellent,https://www.zomato.com/chennai/the-marina-nungambakkam/menu?utm_source=api_basic_user&utm_medium=api&utm_campaign=v2.1&openSwipeBox=menu&showMinimal=1#tabtop
66398,Ratna Cafe,South Indian,300,Triplicane,Chennai,"255, Triplicane High Road, Triplicane, Chennai",13.0585025815,80.2740392089,4.3,Very Good,https://www.zomato.com/chennai/ratna-cafe-triplicane/menu?utm_source=api_basic_user&utm_medium=api&utm_campaign=v2.1&openSwipeBox=menu&showMinimal=1#tabtop
65124,Cream Centre,"North Indian, Italian, Mexican",1600,Nungambakkam,Chennai,"45, College Road, Near Madras Alliance Francaise, Nungambakkam, Chennai",13.0669530365,80.2460205182,4.2,Very Good,https://www.zomato.com/chennai/cream-centre-nungambakkam/menu?utm_source=api_basic_user&utm_medium=api&utm_campaign=v2.1&openSwipeBox=menu&showMinimal=1#tabtop
18636645,Maggevala - Curly Cravings,"Fast Food, Beverages",400,Kilpauk,Chennai,"62C, Ormes Road, Kilpauk, Chennai",13.0814263078,80.2486792579,3.8,Good,https://www.zomato.com/chennai/maggevala-curly-cravings-kilpauk/menu?utm_source=api_basic_user&utm_medium=api&utm_campaign=v2.1&openSwipeBox=menu&showMinimal=1#tabtop
18423075,Writer's Cafe,"Cafe, American, Italian, Beverages",500,Gopalapuram,Chennai,"98, Peter's Road, Behind Philip's Service Centre, Gopalapuram, Chennai",13.0543683702,80.2574500814,4.5,Excellent,https://www.zomato.com/chennai/writers-cafe-gopalapuram/menu?utm_source=api_basic_user&utm_medium=api&utm_campaign=v2.1&openSwipeBox=menu&showMinimal=1#tabtop
66042,Flower Drum,"Chinese, Thai",700,Egmore,Chennai,"46, 2nd Floor, Prince Plaza, Pantheon Road, Egmore, Chennai",13.0712653548,80.2594322339,4.0,Very Good,https://www.zomato.com/chennai/flower-drum-egmore/menu?utm_source=api_basic_user&utm_medium=api&utm_campaign=v2.1&openSwipeBox=menu&showMinimal=1#tabtop
19030192,Al Souk,"Arabian, Lebanese, Middle Eastern, Egyptian, Turkish, Moroccan, Mediterranean",600,Nungambakkam,Chennai,"31, Cochin House, Anderson Road, Nungambakkam, Chennai",13.0652083616,80.2518741041,4.4,Very Good,https://www.zomato.com/chennai/al-souk-nungambakkam/menu?utm_source=api_basic_user&utm_medium=api&utm_campaign=v2.1&openSwipeBox=menu&showMinimal=1#tabtop
72600,Mamagoto,"Japanese, Salad, Vietnamese, Malaysian",1500,Nungambakkam,Chennai,"Shop 9, Oyster Building, Khader Nawaz Khan Road, Nungambakkam, Chennai",13.0605807657,80.2506946027,4.6,Excellent,https://www.zomato.com/chennai/mamagoto-nungambakkam/menu?utm_source=api_basic_user&utm_medium=api&utm_campaign=v2.1&openSwipeBox=menu&showMinimal=1#tabtop
68597,Nair Mess,"South Indian, Biryani",200,Triplicane,Chennai,"22, Mohammed Abdullah 2nd Street, Opposite Chepauk Stadium, Chepauk, Triplicane, Chennai",13.0644614332,80.2775200456,4.3,Very Good,https://www.zomato.com/chennai/nair-mess-triplicane/menu?utm_source=api_basic_user&utm_medium=api&utm_campaign=v2.1&openSwipeBox=menu&showMinimal=1#tabtop
68065,Hotel Kalyana Bhavan Biriyani,Biryani,400,Egmore,Chennai,"139/140, Marshalls Road, Near Government Eye Hospital, Egmore, Chennai",13.0709978783,80.2610237896,3.7,Good,https://www.zomato.com/chennai/hotel-kalyana-bhavan-biriyani-egmore/menu?utm_source=api_basic_user&utm_medium=api&utm_campaign=v2.1&openSwipeBox=menu&showMinimal=1#tabtop
18663729,Food Exchange - Novotel Chennai Chamiers Road,"Asian, Italian, North Indian",1200,Nandanam,Chennai,"Novotel Chennai, Chamiers Road, 11, Pasumpon Muthuramalinga Thevar Road, Rathna Nagar, Nandanam",13.0297847481,80.2445114404,4.1,Very Good,https://www.zomato.com/chennai/food-exchange-novotel-chennai-chamiers-road-nandanam/menu?utm_source=api_basic_user&utm_medium=api&utm_campaign=v2.1&openSwipeBox=menu&showMinimal=1#tabtop
18702390,SpiceKlub,"North Indian, Desserts, Beverages",2000,Nungambakkam,Chennai,"H M Centre 29, Nungambakkam High Road, Nungambakkam, Chennai",13.0567696048,80.2484619990,4.6,Excellent,https://www.zomato.com/chennai/spiceklub-nungambakkam/menu?utm_source=api_basic_user&utm_medium=api&utm_campaign=v2.1&openSwipeBox=menu&showMinimal=1#tabtop
18387708,Kakada Ramprasad,"Mithai, Street Food",450,Kilpauk,Chennai,"Ormes Road, Sylvan Lodge Colony, Kilpauk, Chennai",13.0814658235,80.2469167113,4.3,Very Good,https://www.zomato.com/chennai/kakada-ramprasad-kilpauk/menu?utm_source=api_basic_user&utm_medium=api&utm_campaign=v2.1&openSwipeBox=menu&showMinimal=1#tabtop
18595414,Coal Barbecues,"North Indian, Mediterranean, Asian, Arabian, BBQ",1400,T. Nagar,Chennai,"40, 2nd Floor, Bazullah Road, T. Nagar, Chennai",13.0468091625,80.2370213717,4.9,Excellent,https://www.zomato.com/chennai/coal-barbecues-t-nagar/menu?utm_source=api_basic_user&utm_medium=api&utm_campaign=v2.1&openSwipeBox=menu&showMinimal=1#tabtop
18953572,BLIND CH3MISTRY,"Cafe, Continental, Italian, Desserts",550,Nungambakkam,Chennai,"Old 11, New 19, Brindhavan Apartment, Khader Nawaz Khan Road, 1st Floor, Nungambakkam, Chennai",13.0604501245,80.2493903786,4.7,Excellent,https://www.zomato.com/chennai/blind-ch3mistry-nungambakkam/menu?utm_source=api_basic_user&utm_medium=api&utm_campaign=v2.1&openSwipeBox=menu&showMinimal=1#tabtop
71666,The Residency - Crowne Plaza Chennai Adyar Park,"North Indian, South Indian, Continental, Chinese",2800,"Crowne Plaza Chennai Adyar Park, Alwarpet",Chennai,"132,T.T.K Road, Alwarpet",13.0294192335,80.2494453639,4.3,Very Good,https://www.zomato.com/chennai/the-residency-crowne-plaza-chennai-adyar-park-alwarpet/menu?utm_source=api_basic_user&utm_medium=api&utm_campaign=v2.1&openSwipeBox=menu&showMinimal=1#tabtop
73095,VB Signature - Progressive Veg Restaurant,"North Indian, South Indian, Chinese, Asian",1000,Nungambakkam,Chennai,"52, Nungambakkam High Road, Nungambakkam, Chennai",13.0617170153,80.2456329390,4.6,Excellent,https://www.zomato.com/chennai/vb-signature-progressive-veg-restaurant-nungambakkam/menu?utm_source=api_basic_user&utm_medium=api&utm_campaign=v2.1&openSwipeBox=menu&showMinimal=1#tabtop
71665,Cappuccino - Crowne Plaza Chennai Adyar Park,"European, Middle Eastern, North Indian, Asian, South Indian",1600,"Crowne Plaza Chennai Adyar Park, Alwarpet",Chennai,"Crowne Plaza Chennai Adyar Park, TTK Road, Austin Nagar, Alwarpet, Chennai",13.0295943147,80.2494326234,4.4,Very Good,https://www.zomato.com/chennai/cappuccino-crowne-plaza-chennai-adyar-park-alwarpet/menu?utm_source=api_basic_user&utm_medium=api&utm_campaign=v2.1&openSwipeBox=menu&showMinimal=1#tabtop
73088,Chili's American Grill & Bar,"Mexican, American, Tex-Mex, Burger",1400,"Express Avenue Mall,  Royapettah",Chennai,"49 & 50 L, Express Avenue Mall, White's Road, Royapettah, Chennai",13.0584996421,80.2646075562,4.8,Excellent,https://www.zomato.com/chennai/chilis-american-grill-bar-royapettah/menu?utm_source=api_basic_user&utm_medium=api&utm_campaign=v2.1&openSwipeBox=menu&showMinimal=1#tabtop
66058,Q Bar - Hilton Chennai,"Continental, Finger Food",2000,"Hilton Chennai, Guindy",Chennai,"Hilton, 124/1, JN Salai, Guindy, Chennai",13.0165585887,80.2049294114,4.1,Very Good,https://www.zomato.com/chennai/q-bar-hilton-chennai-guindy/menu?utm_source=api_basic_user&utm_medium=api&utm_campaign=v2.1&openSwipeBox=menu&showMinimal=1#tabtop
66059,Vasco's - Hilton Chennai,"North Indian, Continental, Asian",3400,"Hilton Chennai, Guindy",Chennai,"Hilton, 124/1, JN Salai, Guindy, Chennai",13.0163697784,80.2047416568,4.3,Sangat Baik,https://www.zomato.com/chennai/vascos-hilton-chennai-guindy/menu?utm_source=api_basic_user&utm_medium=api&utm_campaign=v2.1&openSwipeBox=menu&showMinimal=1#tabtop
18470455,Va Pho - Asian Canteen,"Asian, Momos",1400,Gopalapuram,Chennai,"73, Cathedral Road, Gopalapuram, Chennai",13.0455461147,80.2578480542,4.5,Excellent,https://www.zomato.com/chennai/va-pho-asian-canteen-gopalapuram/menu?utm_source=api_basic_user&utm_medium=api&utm_campaign=v2.1&openSwipeBox=menu&showMinimal=1#tabtop
18635696,Sherlock's Pub,"Continental, North Indian, Chinese",1200,"Hotel Abu Palace, Egmore",Chennai,"Abu Sarovar Portico, 926, Poonamalle High Road, Egmore, Chennai",13.0799230762,80.2522060275,3.9,Good,https://www.zomato.com/chennai/sherlocks-pub-egmore/menu?utm_source=api_basic_user&utm_medium=api&utm_campaign=v2.1&openSwipeBox=menu&showMinimal=1#tabtop
67388,Haagen Dazs,Ice Cream,800,Nungambakkam,Chennai,"16/32, KNK Road, Nungambakkam, Chennai",13.0599425825,80.2483107895,4.4,Very Good,https://www.zomato.com/chennai/haagen-dazs-nungambakkam/menu?utm_source=api_basic_user&utm_medium=api&utm_campaign=v2.1&openSwipeBox=menu&showMinimal=1#tabtop
71585,Asia Kitchen by Mainland China,"Chinese, Asian, Momos",1500,"The Spring Hotel, Nungambakkam",Chennai,"11, The Spring Hotel, , Kodambakkam High Road, Nungambakkam, Chennai 600034.",13.0528388447,80.2483419701,4.6,Excellent,https://www.zomato.com/chennai/asia-kitchen-by-mainland-china-nungambakkam/menu?utm_source=api_basic_user&utm_medium=api&utm_campaign=v2.1&openSwipeBox=menu&showMinimal=1#tabtop
65505,Hotel Saravana Bhavan,"South Indian, Chinese",450,Egmore,Chennai,"21, Kennet Lane, Egmore, Chennai",13.0768633526,80.2624416724,3.6,Good,https://www.zomato.com/chennai/hotel-saravana-bhavan-egmore/menu?utm_source=api_basic_user&utm_medium=api&utm_campaign=v2.1&openSwipeBox=menu&showMinimal=1#tabtop
72797,Chennai Rawther Restaurant,"Chinese, Seafood",450,Egmore,Chennai,"92, Pantheon Road, Egmore, Chennai",13.0689599525,80.2566155791,3.3,Average,https://www.zomato.com/chennai/chennai-rawther-restaurant-egmore/menu?utm_source=api_basic_user&utm_medium=api&utm_campaign=v2.1&openSwipeBox=menu&showMinimal=1#tabtop
67617,Sangeetha Veg Restaurant,"South Indian, North Indian, Chinese",400,Egmore,Chennai,"Gandhi Irwin Road, Opposite Railway Station, Egmore, Chennai",13.0771523771,80.2609631047,3.9,Good,https://www.zomato.com/chennai/sangeetha-veg-restaurant-1-egmore/menu?utm_source=api_basic_user&utm_medium=api&utm_campaign=v2.1&openSwipeBox=menu&showMinimal=1#tabtop
70477,Tovo,"Burger, American, Continental, Steak, Salad",1200,Mylapore,Chennai,"113, R.K Salai, Mylapore, Chennai",13.0447044059,80.2617731318,4.2,Very Good,https://www.zomato.com/chennai/tovo-1-mylapore/menu?utm_source=api_basic_user&utm_medium=api&utm_campaign=v2.1&openSwipeBox=menu&showMinimal=1#tabtop
71888,Hoppipola,"Continental, Mediterranean, American",1400,"The Spring Hotel, Nungambakkam",Chennai,"11, The Spring Hotel, Kodambakkam High Road, Nungambakkam, Chennai",13.0529351956,80.2482504398,4.2,Very Good,https://www.zomato.com/chennai/hoppipola-nungambakkam/menu?utm_source=api_basic_user&utm_medium=api&utm_campaign=v2.1&openSwipeBox=menu&showMinimal=1#tabtop
65268,Kailash Parbat,North Indian,600,Chetpet,Chennai,"9, Atop French Loaf,2nd Avenue, Harrington, Chetpet, Chennai",13.0689952245,80.2379960194,4.0,Very Good,https://www.zomato.com/chennai/kailash-parbat-chetpet/menu?utm_source=api_basic_user&utm_medium=api&utm_campaign=v2.1&openSwipeBox=menu&showMinimal=1#tabtop
65143,Dindigul Thalappakatti,"South Indian, Biryani, Chinese, North Indian",800,Nungambakkam,Chennai,"142, Ground Floor, MG Road, Nungambakkam, Chennai",13.0537275580,80.2501524612,4.0,Very Good,https://www.zomato.com/chennai/dindigul-thalappakatti-nungambakkam/menu?utm_source=api_basic_user&utm_medium=api&utm_campaign=v2.1&openSwipeBox=menu&showMinimal=1#tabtop
72415,Sigree Global Grill,"North Indian, Mexican, Mediterranean",1200,"The Spring Hotel, Nungambakkam",Chennai,"The Spring Hotel, Kodambakkam High Road, Nungambakkam, Chennai",13.0528453769,80.2482779324,4.5,Excellent,https://www.zomato.com/chennai/sigree-global-grill-nungambakkam/menu?utm_source=api_basic_user&utm_medium=api&utm_campaign=v2.1&openSwipeBox=menu&showMinimal=1#tabtop
18581875,Orange Wok,"Malaysian, Chinese, Asian, Thai, Beverages, Momos",1000,Nungambakkam,Chennai,"7, First Floor, Khader Nawaz Khan Road, Nungambakkam, Chennai",13.0605356945,80.2505306527,4.2,Very Good,https://www.zomato.com/chennai/orange-wok-nungambakkam/menu?utm_source=api_basic_user&utm_medium=api&utm_campaign=v2.1&openSwipeBox=menu&showMinimal=1#tabtop
18881790,Locofeast,"North Indian, Seafood, Continental",800,Nungambakkam,Chennai,"2nd Floor, H M Centre 29, Nungambakkam High Road, Nungambakkam, Chennai",13.0569750413,80.2481860667,4.3,Very Good,https://www.zomato.com/chennai/locofeast-nungambakkam/menu?utm_source=api_basic_user&utm_medium=api&utm_campaign=v2.1&openSwipeBox=menu&showMinimal=1#tabtop
18423052,The Miner Diner,"Continental, Pizza, Salad, Desserts",600,Nungambakkam,Chennai,"31, Anderson Road, Cochin House, Nungambakkam, Chennai",13.0652083616,80.2518741041,3.8,Good,https://www.zomato.com/chennai/the-miner-diner-nungambakkam/menu?utm_source=api_basic_user&utm_medium=api&utm_campaign=v2.1&openSwipeBox=menu&showMinimal=1#tabtop
65520,Savoury Sea Shell,"Chinese, BBQ, South Indian",750,Egmore,Chennai,"55, Ali Tower, Greams Road, Opposite IDBI Bank, Egmore, Chennai",13.0566908923,80.2553596348,4.1,Very Good,https://www.zomato.com/chennai/savoury-sea-shell-egmore/menu?utm_source=api_basic_user&utm_medium=api&utm_campaign=v2.1&openSwipeBox=menu&showMinimal=1#tabtop
18933315,Nolita,"Italian, Cafe",700,Nungambakkam,Chennai,"Ikhaya Artisanal Boutique House, 6, Nawab Habibullah Avenue, 1st Street, Off Anderson Road, Near British Consulate, Nungambakkam, Chennai",13.0645744361,80.2512903884,4.3,Very Good,https://www.zomato.com/chennai/nolita-nungambakkam/menu?utm_source=api_basic_user&utm_medium=api&utm_campaign=v2.1&openSwipeBox=menu&showMinimal=1#tabtop
18555163,Amelie's,"Cafe, Continental, Italian",900,Alwarpet,Chennai,"6,Seshadri Road, Venus Colony, Alwarpet, Chennai",13.0396959016,80.2558394149,4.4,Very Good,https://www.zomato.com/chennai/amelies-1-alwarpet/menu?utm_source=api_basic_user&utm_medium=api&utm_campaign=v2.1&openSwipeBox=menu&showMinimal=1#tabtop
71216,Eatza Pizza,"Pizza, Fast Food",500,Nungambakkam,Chennai,"7, Jaganathan Road, Opposite Vijay TV Office, Nungambakkam, Chennai",13.0606588239,80.2455125749,3.7,Good,https://www.zomato.com/chennai/eatza-pizza-nungambakkam/menu?utm_source=api_basic_user&utm_medium=api&utm_campaign=v2.1&openSwipeBox=menu&showMinimal=1#tabtop
71100,Dindigul Thalappakatti,"South Indian, Biryani, Chinese, North Indian",800,Triplicane,Chennai,"87/3, Varna Towers, Anna Salai, Border Thottam, Padupakkam, Triplicane, Chennai",13.0656979300,80.2679794282,4.0,Very Good,https://www.zomato.com/chennai/dindigul-thalappakatti-triplicane/menu?utm_source=api_basic_user&utm_medium=api&utm_campaign=v2.1&openSwipeBox=menu&showMinimal=1#tabtop
18608284,Ratna Cafe,South Indian,300,Kilpauk,Chennai,"240, Kilpauk Garden Road, Kilpauk, Chennai",13.0834252684,80.2393636107,3.9,Good,https://www.zomato.com/chennai/ratna-cafe-1-kilpauk/menu?utm_source=api_basic_user&utm_medium=api&utm_campaign=v2.1&openSwipeBox=menu&showMinimal=1#tabtop
18634795,Bistro 1427,"Cafe, Fast Food, North Indian, Chinese, Italian",700,Mylapore,Chennai,"Mylapore, Chennai",13.0427110111,80.2682117745,4.4,Very Good,https://www.zomato.com/chennai/bistro-1427-mylapore/menu?utm_source=api_basic_user&utm_medium=api&utm_campaign=v2.1&openSwipeBox=menu&showMinimal=1#tabtop
18214541,Charminar Biriyani Centre,"Biryani, North Indian",300,Royapettah,Chennai,"91, Dr. Besant Road, Near Meesapet Market, Royapettah, Chennai",13.0534332802,80.2698130533,4.1,Very Good,https://www.zomato.com/chennai/charminar-biriyani-centre-royapettah/menu?utm_source=api_basic_user&utm_medium=api&utm_campaign=v2.1&openSwipeBox=menu&showMinimal=1#tabtop
70894,Maplai,"Chettinad, Biryani, South Indian",1000,Nungambakkam,Chennai,"14, Sterling Avenue, Nungambakkam, Chennai",13.0638324047,80.2363404259,4.4,Very Good,https://www.zomato.com/chennai/maplai-nungambakkam/menu?utm_source=api_basic_user&utm_medium=api&utm_campaign=v2.1&openSwipeBox=menu&showMinimal=1#tabtop
18537778,Desi Klub,Pizza,1000,Chetpet,Chennai,"25, Harrington Road, Chetpet, Chennai",13.0688534835,80.2372185141,4.3,Very Good,https://www.zomato.com/chennai/desi-klub-chetpet/menu?utm_source=api_basic_user&utm_medium=api&utm_campaign=v2.1&openSwipeBox=menu&showMinimal=1#tabtop
18745112,Shree Konar Vilas,Chettinad,300,Purasavakkam,Chennai,"128, Perambur Barracks Road, Purasavakkam, Chennai",13.0897891116,80.2585635334,4.3,Very Good,https://www.zomato.com/chennai/shree-konar-vilas-purasavakkam/menu?utm_source=api_basic_user&utm_medium=api&utm_campaign=v2.1&openSwipeBox=menu&showMinimal=1#tabtop
67280,Momo Sa-Khang by Kailash Kitchen,"Tibetan, Momos, Chinese",300,Choolaimedu,Chennai,"2/247, Perinbavilas Complex, Opposite Chitra Apartments, Choolaimedu, Chennai",13.0653083003,80.2309169993,4.7,Excellent,https://www.zomato.com/chennai/momo-sa-khang-by-kailash-kitchen-choolaimedu/menu?utm_source=api_basic_user&utm_medium=api&utm_campaign=v2.1&openSwipeBox=menu&showMinimal=1#tabtop
73172,Murugan Idli Shop,South Indian,150,Park Town,Chennai,"1113, Viruthunagar Nadar Mansonb Road",13.0807019623,80.2692400664,4.0,Very Good,https://www.zomato.com/chennai/murugan-idli-shop-park-town/menu?utm_source=api_basic_user&utm_medium=api&utm_campaign=v2.1&openSwipeBox=menu&showMinimal=1#tabtop
18503354,Liza Restaurant,"North Indian, Arabian",400,Vepery,Chennai,"7/4, Vepery High Road, Opposite Periampet Masjid, Periampet, Vepery, Chennai",13.0843256281,80.2699019015,3.7,Good,https://www.zomato.com/chennai/liza-restaurant-vepery/menu?utm_source=api_basic_user&utm_medium=api&utm_campaign=v2.1&openSwipeBox=menu&showMinimal=1#tabtop
18621245,Grill Box - Unlimited BBQ,"North Indian, South Indian, BBQ",1200,Mylapore,Chennai,"25 Dr Radhakrishnan Salai, Near Yellow Pages Junction, Mylapore, Chennai",13.0442170823,80.2686959133,4.6,Excellent,https://www.zomato.com/chennai/grill-box-unlimited-bbq-mylapore/menu?utm_source=api_basic_user&utm_medium=api&utm_campaign=v2.1&openSwipeBox=menu&showMinimal=1#tabtop
18631263,27 Culinary Street,"North Indian, Chinese, Continental, Mongolian, Momos",1300,Mylapore,Chennai,"27/28 Dr. Radhakrishnan Salai, Dwarka Colony (above Syndicate Bank), Mylapore, Chennai",13.0440377653,80.2677353472,4.4,Very Good,https://www.zomato.com/chennai/27-culinary-street-mylapore/menu?utm_source=api_basic_user&utm_medium=api&utm_campaign=v2.1&openSwipeBox=menu&showMinimal=1#tabtop
68471,Jalpaan,"North Indian, Chinese, South Indian",1100,Nungambakkam,Chennai,"21, Opposite MRF Building, Greams Road, Nungambakkam, Chennai",13.0574375176,80.2553649992,4.3,Very Good,https://www.zomato.com/chennai/jalpaan-nungambakkam/menu?utm_source=api_basic_user&utm_medium=api&utm_campaign=v2.1&openSwipeBox=menu&showMinimal=1#tabtop
18619095,Palmshore,"Seafood, Biryani, Kebab, North Indian, Chinese, Arabian, BBQ, Juices",1000,Egmore,Chennai,"99/59, Pantheon Road, Opposite Museum, Egmore, Chennai",13.0694073832,80.2570849657,4.5,Excellent,https://www.zomato.com/chennai/palmshore-egmore/menu?utm_source=api_basic_user&utm_medium=api&utm_campaign=v2.1&openSwipeBox=menu&showMinimal=1#tabtop
18588039,Fromage,"Cafe, Italian, French, European",1000,MRC Nagar,Chennai,"Somerset Greenway, Lords Avenue, MRC Nagar, Chennai",13.0171635645,80.2707035467,4.5,Excellent,https://www.zomato.com/chennai/fromage-mrc-nagar/menu?utm_source=api_basic_user&utm_medium=api&utm_campaign=v2.1&openSwipeBox=menu&showMinimal=1#tabtop
66498,Sandy's Chocolate Laboratory,"Cafe, Continental, Italian, Desserts",1400,Nungambakkam,Chennai,"16, Wallace Garden, 2nd Street, Nungambakkam, Chennai",13.0611082292,80.2482920140,4.4,Very Good,https://www.zomato.com/chennai/sandys-chocolate-laboratory-nungambakkam/menu?utm_source=api_basic_user&utm_medium=api&utm_campaign=v2.1&openSwipeBox=menu&showMinimal=1#tabtop
18423070,Studio - The Slate,"Continental, North Indian",1500,The Slate,Chennai,"23/13 , Khader Nawaz Khan Road, Nungambakkam, Chennai",13.0594712925,80.2490772307,4.3,Very Good,https://www.zomato.com/chennai/studio-the-slate-nungambakkam/menu?utm_source=api_basic_user&utm_medium=api&utm_campaign=v2.1&openSwipeBox=menu&showMinimal=1#tabtop
70844,Crisp Cafe,"Cafe, Fast Food",1000,Nungambakkam,Chennai,"1, Kothari Road, Sterling Road, Opposite Sterling Club, Nungambakkam, Chennai",13.0648837240,80.2391567454,4.1,Very Good,https://www.zomato.com/chennai/crisp-cafe-nungambakkam/menu?utm_source=api_basic_user&utm_medium=api&utm_campaign=v2.1&openSwipeBox=menu&showMinimal=1#tabtop
69646,Sera - The Tapas Bar & Restaurant,"Italian, Seafood, Finger Food",1600,Gopalapuram,Chennai,"71, Cathedral Road, Gopalapuram, Chennai",13.0458296233,80.2580529079,4.3,Very Good,https://www.zomato.com/chennai/sera-the-tapas-bar-restaurant-gopalapuram/menu?utm_source=api_basic_user&utm_medium=api&utm_campaign=v2.1&openSwipeBox=menu&showMinimal=1#tabtop
18384262,Kapao Dos,"American, Burger, Chinese, Desserts, Panini, Italian, Momos",600,Egmore,Chennai,"Wellingdon Estate , Ethiraj Sala, Opposite Ethiraj college, Egmore, Chennai",13.0650731504,80.2585551515,4.2,Very Good,https://www.zomato.com/chennai/kapao-dos-egmore/menu?utm_source=api_basic_user&utm_medium=api&utm_campaign=v2.1&openSwipeBox=menu&showMinimal=1#tabtop
19000279,Sante Spa Cuisine,"Salad, Continental, Healthy Food, Mediterranean, Pizza",1300,Nungambakkam,Chennai,"4, Rutland Gate, 2nd Street, Nungambakkam, Chennai",13.0607372086,80.2520420775,4.4,Very Good,https://www.zomato.com/chennai/sante-spa-cuisine-nungambakkam/menu?utm_source=api_basic_user&utm_medium=api&utm_campaign=v2.1&openSwipeBox=menu&showMinimal=1#tabtop
18769502,Cafe Litt,"Cafe, Italian, Desserts, Continental, Beverages",600,Vepery,Chennai,"New 18, Old 72, Jermiah Road, Vepery, Chennai",13.0863657129,80.2611552179,4.0,Very Good,https://www.zomato.com/chennai/cafe-litt-vepery/menu?utm_source=api_basic_user&utm_medium=api&utm_campaign=v2.1&openSwipeBox=menu&showMinimal=1#tabtop
71898,Arabian Kebab Center,"Biryani, North Indian",400,Kodambakkam,Chennai,"17/5, Station View Road, Kodambakkam, Chennai",13.0522489803,80.2276272699,4.4,Very Good,https://www.zomato.com/chennai/arabian-kebab-center-kodambakkam/menu?utm_source=api_basic_user&utm_medium=api&utm_campaign=v2.1&openSwipeBox=menu&showMinimal=1#tabtop
18478667,Dialogue In The Dark,North Indian,1200,"Express Avenue Mall,  Royapettah",Chennai,"Express Avenue, S30, 3rd Floor, Express Mall, Whites Road, Royapettah, Chennai",13.0584738402,80.2640087530,4.7,Excellent,https://www.zomato.com/chennai/dialogue-in-the-dark-royapettah/menu?utm_source=api_basic_user&utm_medium=api&utm_campaign=v2.1&openSwipeBox=menu&showMinimal=1#tabtop
71438,Waf O'Bel,"Desserts, Beverages",400,Chetpet,Chennai,"5/33, 13th Avenue, Harrington Road, Chetpet, Chennai",13.0702757882,80.2385737002,4.6,Excellent,https://www.zomato.com/wafobel/menu?utm_source=api_basic_user&utm_medium=api&utm_campaign=v2.1&openSwipeBox=menu&showMinimal=1#tabtop
18671238,Off The Record,"European, Continental, North Indian",1500,Nungambakkam,Chennai,"179/8, Kodambakkam High Road, Parthasarathi Puram, Nungambakkam, Chennai",13.0535492277,80.2487496659,4.4,Very Good,https://www.zomato.com/chennai/off-the-record-1-nungambakkam/menu?utm_source=api_basic_user&utm_medium=api&utm_campaign=v2.1&openSwipeBox=menu&showMinimal=1#tabtop
18953565,Blind Ch3mistry,"Cafe, Continental, Italian, Desserts",550,Teynampet,Chennai,"52, Ground Floor, Eldams Road, Teynampet, Chennai",13.0386010000,80.2529830000,4.7,Excellent,https://www.zomato.com/chennai/blind-ch3mistry-teynampet/menu?utm_source=api_basic_user&utm_medium=api&utm_campaign=v2.1&openSwipeBox=menu&showMinimal=1#tabtop
66377,Hotel Paramount,"North Indian, Chinese, Seafood, South Indian, Biryani",500,Kilpauk,Chennai,"12/5, Ormes Road, Kilpauk, Chennai",13.0812182791,80.2477492020,4.1,Very Good,https://www.zomato.com/chennai/hotel-paramount-kilpauk/menu?utm_source=api_basic_user&utm_medium=api&utm_campaign=v2.1&openSwipeBox=menu&showMinimal=1#tabtop
71679,National Lodge,Andhra,300,Sowcarpet,Chennai,"112, Govindappa Naickan Street, Sowcarpet, Chennai",13.0899151654,80.2813576162,4.2,Very Good,https://www.zomato.com/chennai/national-lodge-sowcarpet/menu?utm_source=api_basic_user&utm_medium=api&utm_campaign=v2.1&openSwipeBox=menu&showMinimal=1#tabtop
18546718,Chennai Darbar,"Chinese, Chettinad, Arabian",500,Ashok Nagar,Chennai,"9 Pillayar Kovil Street, Jafferkhanpet Main Road, Ashok Pillar, Ashok Nagar, Chennai",13.0299549294,80.2093694732,3.9,Good,https://www.zomato.com/chennai/chennai-darbar-ashok-nagar/menu?utm_source=api_basic_user&utm_medium=api&utm_campaign=v2.1&openSwipeBox=menu&showMinimal=1#tabtop
18720717,The Bark,"Cafe, Mexican, Italian, Continental",800,Alwarpet,Chennai,"40, Maharaja Surya Rao Road, Dutch Village, Alwarpet, Chennai",13.0394055267,80.2538391575,4.3,Very Good,https://www.zomato.com/chennai/the-bark-1-alwarpet/menu?utm_source=api_basic_user&utm_medium=api&utm_campaign=v2.1&openSwipeBox=menu&showMinimal=1#tabtop
65951,601 - The Park,"Biryani, North Indian",2700,"The Park, Nungambakkam",Chennai,"The Park, 601, Nungambakkam High Road, Nungambakkam, Chennai",13.0528117358,80.2497782931,4.2,Very Good,https://www.zomato.com/chennai/601-the-park-nungambakkam/menu?utm_source=api_basic_user&utm_medium=api&utm_campaign=v2.1&openSwipeBox=menu&showMinimal=1#tabtop
66166,Fruit Shop On Greams Road,"Beverages, Fast Food",300,Thousand Lights,Chennai,"12/1, Greams Road, Thousand Lights, Chennai",13.0600889010,80.2541439235,4.3,Very Good,https://www.zomato.com/chennai/fruit-shop-on-greams-road-1-thousand-lights/menu?utm_source=api_basic_user&utm_medium=api&utm_campaign=v2.1&openSwipeBox=menu&showMinimal=1#tabtop
65624,Tuscana Pizzeria,"Italian, Pizza",1400,Nungambakkam,Chennai,"19, 3rd Street, Wallace Garden Road, Nungambakkam, Chennai",13.0613564469,80.2496046200,4.1,Very Good,https://www.zomato.com/chennai/tuscana-pizzeria-nungambakkam/menu?utm_source=api_basic_user&utm_medium=api&utm_campaign=v2.1&openSwipeBox=menu&showMinimal=1#tabtop
18668355,Joker's Kitchen,"Continental, Italian",800,Alwarpet,Chennai,"94/1, Door 211/1, TTK Road, Near Ethiraj Kalayana Mandapam, Alwarpet, Chennai",13.0358367299,80.2551249415,4.4,Very Good,https://www.zomato.com/chennai/jokers-kitchen-alwarpet/menu?utm_source=api_basic_user&utm_medium=api&utm_campaign=v2.1&openSwipeBox=menu&showMinimal=1#tabtop
71663,Gatsby 2000 - Crowne Plaza Chennai Adyar Park,"North Indian, Chinese",3000,"Crowne Plaza Chennai Adyar Park, Alwarpet",Chennai,"Crowne Plaza Chennai Adyar Park, TTK Road, Austin Nagar, Alwarpet, Chennai",13.0293238533,80.2494195476,3.8,Good,https://www.zomato.com/chennai/gatsby-2000-crowne-plaza-chennai-adyar-park-alwarpet/menu?utm_source=api_basic_user&utm_medium=api&utm_campaign=v2.1&openSwipeBox=menu&showMinimal=1#tabtop
70856,AB's - Absolute Barbecues,"BBQ, North Indian, European, Beverages",1400,T. Nagar,Chennai,"45, GN Chetty Road, T. Nagar, Chennai",13.0452596662,80.2412599325,4.9,Excellent,https://www.zomato.com/chennai/abs-absolute-barbecues-t-nagar/menu?utm_source=api_basic_user&utm_medium=api&utm_campaign=v2.1&openSwipeBox=menu&showMinimal=1#tabtop
65306,Little Italy,"Italian, Mexican, Salad",1500,Nungambakkam,Chennai,"112, Eldorado Building, Nungambakkam High Road, Nungambakkam, Chennai",13.0608276775,80.2474957332,4.1,Very Good,https://www.zomato.com/chennai/little-italy-nungambakkam/menu?utm_source=api_basic_user&utm_medium=api&utm_campaign=v2.1&openSwipeBox=menu&showMinimal=1#tabtop
70497,Basil With A Twist,"Continental, Cafe, Italian, European, Mediterranean, Steak, Pizza, Salad",1500,T. Nagar,Chennai,"58-A, Habibullah Road, T. Nagar, Chennai",13.0494887491,80.2421799302,4.4,Very Good,https://www.zomato.com/chennai/basil-with-a-twist-t-nagar/menu?utm_source=api_basic_user&utm_medium=api&utm_campaign=v2.1&openSwipeBox=menu&showMinimal=1#tabtop
